{
  "liquidity_rate": 0.00407755428058442727194,
  "initial_ether_amount": 169.990914372474762758,
  "initial_token_amount": 4299077.97771804034870865,
  "initial_price": 0.00003901,
  "min_supported_price_factor": 0.5,
  "max_supported_price_factor": 2.0,
  "max_tx_buy_amount_eth": 10,
  "max_tx_sell_amount_eth": 10,
  "fee_percent": 0.05,
  "formula_precision_bits": 40
}
