{
  "liquidity_rate": 0.0092017636113727438685,
  "initial_ether_amount": 75.327644768364110033,
  "initial_token_amount": 46620.567861572026726047,
  "initial_price":  0.001640366,
  "min_supported_price_factor": 0.5,
  "max_supported_price_factor" : 2.0,
  "max_tx_buy_amount_eth": 10,
  "max_tx_sell_amount_eth": 10,
  "fee_percent": 0.05,
  "formula_precision_bits": 40
}
