{
  "liquidity_rate": 0.009901849334,
  "initial_ether_amount": 70.001790284309554802,
  "initial_token_amount": 22498.645253382686998904,
  "initial_price":  0.002558788158,
  "min_supported_price_factor": 0.5,
  "max_supported_price_factor" : 2.0,
  "max_tx_buy_amount_eth": 10,
  "max_tx_sell_amount_eth": 10,
  "fee_percent": 0.05,
  "formula_precision_bits": 40
}
